,strain,stress
0.1763,79.03164
0.17714,78.96245
0.1779,78.88644
0.17873,78.95247
0.17957,78.88273
0.18032,78.80618
0.18115,78.736
0.1819,78.52294
0.18315,78.48488
0.18399,78.41386
0.18482,78.20612
0.18565,77.99793
0.18648,77.926
0.18731,77.71702
0.18814,77.50759
0.18897,77.16064
0.18979,76.95018
