strain,stress,material
0.1763,79.03164,0
0.17714,78.96245,0
0.1779,78.88644,0
0.17873,78.95247,0
