strain,stress,material
0.000001,79.222,0
0.000005,78.567,0
0.000016,78.129,0
0.000026,78.988,0
